segmento,data,real
Todos,2025-09-01,874
Todos,2025-09-02,1153
Todos,2025-09-03,1073
Todos,2025-09-04,1280
Todos,2025-09-05,1030
Todos,2025-09-06,455
Todos,2025-09-07,369
Todos,2025-09-08,511
Todos,2025-09-09,602
Todos,2025-09-10,678
Todos,2025-09-11,522
Todos,2025-09-12,635
Todos,2025-09-13,566
Todos,2025-09-14,492
Todos,2025-09-15,673
Todos,2025-09-16,597
Todos,2025-09-17,593
Todos,2025-09-18,600
Todos,2025-09-19,679
Todos,2025-09-20,717
Todos,2025-09-21,681
Todos,2025-09-22,1431
Todos,2025-09-23,893
Todos,2025-09-24,674
Todos,2025-09-25,628
Todos,2025-09-26,654
Todos,2025-09-27,564
Todos,2025-09-28,505
Todos,2025-09-29,659
Todos,2025-09-30,773
Todos,2025-10-01,733
Todos,2025-10-02,885
Todos,2025-10-03,1063
Todos,2025-10-04,740
Todos,2025-10-05,553
Todos,2025-10-06,723
Todos,2025-10-07,1098
Todos,2025-10-08,999
Todos,2025-10-09,1074
Todos,2025-10-10,1049
Todos,2025-10-11,540
Todos,2025-10-12,499
Todos,2025-10-13,627
Todos,2025-10-14,777
Todos,2025-10-15,709
Todos,2025-10-16,936
Todos,2025-10-17,533
Todos,2025-10-18,615
Todos,2025-10-19,531
Todos,2025-10-20,592
Todos,2025-10-21,711
Todos,2025-10-22,857
Todos,2025-10-23,756
Todos,2025-10-24,1022
Todos,2025-10-25,599
Todos,2025-10-26,546
Todos,2025-10-27,568
Todos,2025-10-28,678
Todos,2025-10-29,616
Todos,2025-10-30,624
Todos,2025-10-31,764
Todos,2025-11-01,574
Todos,2025-11-02,556
Todos,2025-11-03,564
Todos,2025-11-04,546
Todos,2025-11-05,1273
Todos,2025-11-06,529
Todos,2025-11-07,630
Todos,2025-11-08,590
Todos,2025-11-09,519
Todos,2025-11-10,665
Todos,2025-11-11,627
Todos,2025-11-12,692
Todos,2025-11-13,621
Todos,2025-11-14,583
Todos,2025-11-15,546
Todos,2025-11-16,538
Todos,2025-11-17,764
Todos,2025-11-18,774
Todos,2025-11-19,713
Todos,2025-11-20,816
Todos,2025-11-21,920
Todos,2025-11-22,892
Todos,2025-11-23,874
Todos,2025-11-24,934
Todos,2025-11-25,756
Todos,2025-11-26,905
Todos,2025-11-27,771
Todos,2025-11-28,824
Todos,2025-11-29,721
Todos,2025-11-30,807
Todos,2025-12-01,998
Todos,2025-12-02,782
Todos,2025-12-03,729
Todos,2025-12-04,744
Todos,2025-12-05,872
Todos,2025-12-06,751
Todos,2025-12-07,738
Todos,2025-12-08,772
Todos,2025-12-09,881
Todos,2025-12-10,801
Todos,2025-12-11,741
Todos,2025-12-12,727
Todos,2025-12-13,761
Todos,2025-12-14,695
Todos,2025-12-15,863
Todos,2025-12-16,1076
Todos,2025-12-17,1025
Todos,2025-12-18,1005
Todos,2025-12-19,839
Todos,2025-12-20,984
Todos,2025-12-21,1104
Todos,2025-12-22,1370
Todos,2025-12-23,1122
Todos,2025-12-24,929
Todos,2025-12-25,704
Todos,2025-12-26,910
Todos,2025-12-27,1027
Todos,2025-12-28,829
Todos,2025-12-29,921
Todos,2025-12-30,866
Todos,2025-12-31,755
produto:lsin,2025-09-01,351
produto:lsin,2025-09-02,375
produto:lsin,2025-09-03,355
produto:lsin,2025-09-04,357
produto:lsin,2025-09-05,396
produto:lsin,2025-09-06,236
produto:lsin,2025-09-07,220
produto:lsin,2025-09-08,247
produto:lsin,2025-09-09,341
produto:lsin,2025-09-10,256
produto:lsin,2025-09-11,259
produto:lsin,2025-09-12,242
produto:lsin,2025-09-13,313
produto:lsin,2025-09-14,280
produto:lsin,2025-09-15,277
produto:lsin,2025-09-16,293
produto:lsin,2025-09-17,237
produto:lsin,2025-09-18,292
produto:lsin,2025-09-19,338
produto:lsin,2025-09-20,390
produto:lsin,2025-09-21,442
produto:lsin,2025-09-22,499
produto:lsin,2025-09-23,365
produto:lsin,2025-09-24,253
produto:lsin,2025-09-25,308
produto:lsin,2025-09-26,316
produto:lsin,2025-09-27,322
produto:lsin,2025-09-28,317
produto:lsin,2025-09-29,387
produto:lsin,2025-09-30,447
produto:lsin,2025-10-01,443
produto:lsin,2025-10-02,471
produto:lsin,2025-10-03,568
produto:lsin,2025-10-04,469
produto:lsin,2025-10-05,340
produto:lsin,2025-10-06,352
produto:lsin,2025-10-07,549
produto:lsin,2025-10-08,599
produto:lsin,2025-10-09,791
produto:lsin,2025-10-10,542
produto:lsin,2025-10-11,314
produto:lsin,2025-10-12,338
produto:lsin,2025-10-13,422
produto:lsin,2025-10-14,459
produto:lsin,2025-10-15,400
produto:lsin,2025-10-16,427
produto:lsin,2025-10-17,256
produto:lsin,2025-10-18,339
produto:lsin,2025-10-19,330
produto:lsin,2025-10-20,353
produto:lsin,2025-10-21,353
produto:lsin,2025-10-22,460
produto:lsin,2025-10-23,330
produto:lsin,2025-10-24,500
produto:lsin,2025-10-25,350
produto:lsin,2025-10-26,343
produto:lsin,2025-10-27,323
produto:lsin,2025-10-28,371
produto:lsin,2025-10-29,326
produto:lsin,2025-10-30,313
produto:lsin,2025-10-31,407
produto:lsin,2025-11-01,284
produto:lsin,2025-11-02,303
produto:lsin,2025-11-03,285
produto:lsin,2025-11-04,266
produto:lsin,2025-11-05,264
produto:lsin,2025-11-06,253
produto:lsin,2025-11-07,272
produto:lsin,2025-11-08,326
produto:lsin,2025-11-09,306
produto:lsin,2025-11-10,309
produto:lsin,2025-11-11,307
produto:lsin,2025-11-12,294
produto:lsin,2025-11-13,240
produto:lsin,2025-11-14,311
produto:lsin,2025-11-15,326
produto:lsin,2025-11-16,352
produto:lsin,2025-11-17,365
produto:lsin,2025-11-18,444
produto:lsin,2025-11-19,454
produto:lsin,2025-11-20,371
produto:lsin,2025-11-21,342
produto:lsin,2025-11-22,301
produto:lsin,2025-11-23,316
produto:lsin,2025-11-24,296
produto:lsin,2025-11-25,280
produto:lsin,2025-11-26,360
produto:lsin,2025-11-27,368
produto:lsin,2025-11-28,373
produto:lsin,2025-11-29,361
produto:lsin,2025-11-30,396
produto:lsin,2025-12-01,362
produto:lsin,2025-12-02,322
produto:lsin,2025-12-03,325
produto:lsin,2025-12-04,323
produto:lsin,2025-12-05,294
produto:lsin,2025-12-06,357
produto:lsin,2025-12-07,350
produto:lsin,2025-12-08,347
produto:lsin,2025-12-09,366
produto:lsin,2025-12-10,289
produto:lsin,2025-12-11,329
produto:lsin,2025-12-12,339
produto:lsin,2025-12-13,288
produto:lsin,2025-12-14,283
produto:lsin,2025-12-15,247
produto:lsin,2025-12-16,474
produto:lsin,2025-12-17,611
produto:lsin,2025-12-18,461
produto:lsin,2025-12-19,340
produto:lsin,2025-12-20,453
produto:lsin,2025-12-21,523
produto:lsin,2025-12-22,444
produto:lsin,2025-12-23,364
produto:lsin,2025-12-24,292
produto:lsin,2025-12-25,229
produto:lsin,2025-12-26,346
produto:lsin,2025-12-27,330
produto:lsin,2025-12-28,305
produto:lsin,2025-12-29,300
produto:lsin,2025-12-30,290
produto:lsin,2025-12-31,299
produto:lhco,2025-09-01,79
produto:lhco,2025-09-02,120
produto:lhco,2025-09-03,133
produto:lhco,2025-09-04,76
produto:lhco,2025-09-05,92
produto:lhco,2025-09-06,52
produto:lhco,2025-09-07,38
produto:lhco,2025-09-08,80
produto:lhco,2025-09-09,96
produto:lhco,2025-09-10,96
produto:lhco,2025-09-11,97
produto:lhco,2025-09-12,93
produto:lhco,2025-09-13,63
produto:lhco,2025-09-14,46
produto:lhco,2025-09-15,108
produto:lhco,2025-09-16,126
produto:lhco,2025-09-17,118
produto:lhco,2025-09-18,101
produto:lhco,2025-09-19,125
produto:lhco,2025-09-20,151
produto:lhco,2025-09-21,86
produto:lhco,2025-09-22,272
produto:lhco,2025-09-23,108
produto:lhco,2025-09-24,87
produto:lhco,2025-09-25,135
produto:lhco,2025-09-26,98
produto:lhco,2025-09-27,65
produto:lhco,2025-09-28,32
produto:lhco,2025-09-29,83
produto:lhco,2025-09-30,123
produto:lhco,2025-10-01,72
produto:lhco,2025-10-02,90
produto:lhco,2025-10-03,88
produto:lhco,2025-10-04,72
produto:lhco,2025-10-05,31
produto:lhco,2025-10-06,57
produto:lhco,2025-10-07,106
produto:lhco,2025-10-08,155
produto:lhco,2025-10-09,126
produto:lhco,2025-10-10,167
produto:lhco,2025-10-11,89
produto:lhco,2025-10-12,64
produto:lhco,2025-10-13,54
produto:lhco,2025-10-14,82
produto:lhco,2025-10-15,112
produto:lhco,2025-10-16,104
produto:lhco,2025-10-17,96
produto:lhco,2025-10-18,87
produto:lhco,2025-10-19,76
produto:lhco,2025-10-20,81
produto:lhco,2025-10-21,159
produto:lhco,2025-10-22,130
produto:lhco,2025-10-23,158
produto:lhco,2025-10-24,154
produto:lhco,2025-10-25,92
produto:lhco,2025-10-26,33
produto:lhco,2025-10-27,67
produto:lhco,2025-10-28,86
produto:lhco,2025-10-29,124
produto:lhco,2025-10-30,131
produto:lhco,2025-10-31,152
produto:lhco,2025-11-01,89
produto:lhco,2025-11-02,114
produto:lhco,2025-11-03,106
produto:lhco,2025-11-04,62
produto:lhco,2025-11-05,113
produto:lhco,2025-11-06,78
produto:lhco,2025-11-07,211
produto:lhco,2025-11-08,96
produto:lhco,2025-11-09,64
produto:lhco,2025-11-10,119
produto:lhco,2025-11-11,122
produto:lhco,2025-11-12,200
produto:lhco,2025-11-13,122
produto:lhco,2025-11-14,79
produto:lhco,2025-11-15,66
produto:lhco,2025-11-16,40
produto:lhco,2025-11-17,196
produto:lhco,2025-11-18,95
produto:lhco,2025-11-19,78
produto:lhco,2025-11-20,146
produto:lhco,2025-11-21,280
produto:lhco,2025-11-22,291
produto:lhco,2025-11-23,380
produto:lhco,2025-11-24,332
produto:lhco,2025-11-25,253
produto:lhco,2025-11-26,274
produto:lhco,2025-11-27,158
produto:lhco,2025-11-28,235
produto:lhco,2025-11-29,181
produto:lhco,2025-11-30,272
produto:lhco,2025-12-01,236
produto:lhco,2025-12-02,211
produto:lhco,2025-12-03,166
produto:lhco,2025-12-04,212
produto:lhco,2025-12-05,326
produto:lhco,2025-12-06,214
produto:lhco,2025-12-07,217
produto:lhco,2025-12-08,221
produto:lhco,2025-12-09,284
produto:lhco,2025-12-10,263
produto:lhco,2025-12-11,216
produto:lhco,2025-12-12,192
produto:lhco,2025-12-13,328
produto:lhco,2025-12-14,303
produto:lhco,2025-12-15,352
produto:lhco,2025-12-16,406
produto:lhco,2025-12-17,238
produto:lhco,2025-12-18,316
produto:lhco,2025-12-19,332
produto:lhco,2025-12-20,375
produto:lhco,2025-12-21,414
produto:lhco,2025-12-22,657
produto:lhco,2025-12-23,560
produto:lhco,2025-12-24,526
produto:lhco,2025-12-25,410
produto:lhco,2025-12-26,456
produto:lhco,2025-12-27,541
produto:lhco,2025-12-28,406
produto:lhco,2025-12-29,505
produto:lhco,2025-12-30,500
produto:lhco,2025-12-31,371
produto:lcem,2025-09-01,11
produto:lcem,2025-09-02,23
produto:lcem,2025-09-03,10
produto:lcem,2025-09-04,7
produto:lcem,2025-09-05,19
produto:lcem,2025-09-06,13
produto:lcem,2025-09-07,5
produto:lcem,2025-09-08,11
produto:lcem,2025-09-09,9
produto:lcem,2025-09-10,98
produto:lcem,2025-09-11,16
produto:lcem,2025-09-12,130
produto:lcem,2025-09-13,8
produto:lcem,2025-09-14,3
produto:lcem,2025-09-15,50
produto:lcem,2025-09-16,16
produto:lcem,2025-09-17,15
produto:lcem,2025-09-18,19
produto:lcem,2025-09-19,35
produto:lcem,2025-09-20,35
produto:lcem,2025-09-21,17
produto:lcem,2025-09-22,23
produto:lcem,2025-09-23,208
produto:lcem,2025-09-24,135
produto:lcem,2025-09-25,16
produto:lcem,2025-09-26,49
produto:lcem,2025-09-27,5
produto:lcem,2025-09-28,6
produto:lcem,2025-09-29,19
produto:lcem,2025-09-30,14
produto:lcem,2025-10-01,22
produto:lcem,2025-10-02,13
produto:lcem,2025-10-03,28
produto:lcem,2025-10-04,12
produto:lcem,2025-10-05,4
produto:lcem,2025-10-06,19
produto:lcem,2025-10-07,27
produto:lcem,2025-10-08,10
produto:lcem,2025-10-09,20
produto:lcem,2025-10-10,32
produto:lcem,2025-10-11,10
produto:lcem,2025-10-12,6
produto:lcem,2025-10-13,18
produto:lcem,2025-10-14,13
produto:lcem,2025-10-15,10
produto:lcem,2025-10-16,15
produto:lcem,2025-10-17,16
produto:lcem,2025-10-18,12
produto:lcem,2025-10-19,1
produto:lcem,2025-10-20,10
produto:lcem,2025-10-21,10
produto:lcem,2025-10-22,10
produto:lcem,2025-10-23,16
produto:lcem,2025-10-24,20
produto:lcem,2025-10-25,5
produto:lcem,2025-10-26,1
produto:lcem,2025-10-27,11
produto:lcem,2025-10-28,10
produto:lcem,2025-10-29,8
produto:lcem,2025-10-30,14
produto:lcem,2025-10-31,37
produto:lcem,2025-11-01,15
produto:lcem,2025-11-02,1
produto:lcem,2025-11-03,4
produto:lcem,2025-11-04,15
produto:lcem,2025-11-05,49
produto:lcem,2025-11-06,21
produto:lcem,2025-11-07,5
produto:lcem,2025-11-08,13
produto:lcem,2025-11-09,0
produto:lcem,2025-11-10,47
produto:lcem,2025-11-11,27
produto:lcem,2025-11-12,22
produto:lcem,2025-11-13,59
produto:lcem,2025-11-14,18
produto:lcem,2025-11-15,10
produto:lcem,2025-11-16,9
produto:lcem,2025-11-17,11
produto:lcem,2025-11-18,27
produto:lcem,2025-11-19,16
produto:lcem,2025-11-20,164
produto:lcem,2025-11-21,147
produto:lcem,2025-11-22,147
produto:lcem,2025-11-23,40
produto:lcem,2025-11-24,38
produto:lcem,2025-11-25,23
produto:lcem,2025-11-26,47
produto:lcem,2025-11-27,48
produto:lcem,2025-11-28,14
produto:lcem,2025-11-29,17
produto:lcem,2025-11-30,3
produto:lcem,2025-12-01,34
produto:lcem,2025-12-02,34
produto:lcem,2025-12-03,22
produto:lcem,2025-12-04,33
produto:lcem,2025-12-05,73
produto:lcem,2025-12-06,5
produto:lcem,2025-12-07,12
produto:lcem,2025-12-08,24
produto:lcem,2025-12-09,26
produto:lcem,2025-12-10,18
produto:lcem,2025-12-11,22
produto:lcem,2025-12-12,16
produto:lcem,2025-12-13,3
produto:lcem,2025-12-14,0
produto:lcem,2025-12-15,24
produto:lcem,2025-12-16,20
produto:lcem,2025-12-17,15
produto:lcem,2025-12-18,15
produto:lcem,2025-12-19,11
produto:lcem,2025-12-20,11
produto:lcem,2025-12-21,2
produto:lcem,2025-12-22,11
produto:lcem,2025-12-23,9
produto:lcem,2025-12-24,4
produto:lcem,2025-12-25,9
produto:lcem,2025-12-26,5
produto:lcem,2025-12-27,1
produto:lcem,2025-12-28,4
produto:lcem,2025-12-29,4
produto:lcem,2025-12-30,0
produto:lcem,2025-12-31,0
produto:lsaa,2025-09-01,30
produto:lsaa,2025-09-02,29
produto:lsaa,2025-09-03,21
produto:lsaa,2025-09-04,18
produto:lsaa,2025-09-05,28
produto:lsaa,2025-09-06,23
produto:lsaa,2025-09-07,22
produto:lsaa,2025-09-08,33
produto:lsaa,2025-09-09,22
produto:lsaa,2025-09-10,25
produto:lsaa,2025-09-11,23
produto:lsaa,2025-09-12,30
produto:lsaa,2025-09-13,47
produto:lsaa,2025-09-14,32
produto:lsaa,2025-09-15,43
produto:lsaa,2025-09-16,35
produto:lsaa,2025-09-17,41
produto:lsaa,2025-09-18,24
produto:lsaa,2025-09-19,33
produto:lsaa,2025-09-20,34
produto:lsaa,2025-09-21,42
produto:lsaa,2025-09-22,38
produto:lsaa,2025-09-23,38
produto:lsaa,2025-09-24,28
produto:lsaa,2025-09-25,39
produto:lsaa,2025-09-26,37
produto:lsaa,2025-09-27,46
produto:lsaa,2025-09-28,47
produto:lsaa,2025-09-29,52
produto:lsaa,2025-09-30,39
produto:lsaa,2025-10-01,45
produto:lsaa,2025-10-02,35
produto:lsaa,2025-10-03,43
produto:lsaa,2025-10-04,52
produto:lsaa,2025-10-05,50
produto:lsaa,2025-10-06,57
produto:lsaa,2025-10-07,43
produto:lsaa,2025-10-08,60
produto:lsaa,2025-10-09,30
produto:lsaa,2025-10-10,42
produto:lsaa,2025-10-11,36
produto:lsaa,2025-10-12,30
produto:lsaa,2025-10-13,39
produto:lsaa,2025-10-14,56
produto:lsaa,2025-10-15,39
produto:lsaa,2025-10-16,45
produto:lsaa,2025-10-17,51
produto:lsaa,2025-10-18,39
produto:lsaa,2025-10-19,38
produto:lsaa,2025-10-20,57
produto:lsaa,2025-10-21,57
produto:lsaa,2025-10-22,74
produto:lsaa,2025-10-23,44
produto:lsaa,2025-10-24,66
produto:lsaa,2025-10-25,67
produto:lsaa,2025-10-26,57
produto:lsaa,2025-10-27,54
produto:lsaa,2025-10-28,56
produto:lsaa,2025-10-29,52
produto:lsaa,2025-10-30,61
produto:lsaa,2025-10-31,49
produto:lsaa,2025-11-01,63
produto:lsaa,2025-11-02,60
produto:lsaa,2025-11-03,53
produto:lsaa,2025-11-04,67
produto:lsaa,2025-11-05,64
produto:lsaa,2025-11-06,57
produto:lsaa,2025-11-07,67
produto:lsaa,2025-11-08,61
produto:lsaa,2025-11-09,58
produto:lsaa,2025-11-10,64
produto:lsaa,2025-11-11,71
produto:lsaa,2025-11-12,60
produto:lsaa,2025-11-13,62
produto:lsaa,2025-11-14,57
produto:lsaa,2025-11-15,56
produto:lsaa,2025-11-16,62
produto:lsaa,2025-11-17,60
produto:lsaa,2025-11-18,63
produto:lsaa,2025-11-19,75
produto:lsaa,2025-11-20,73
produto:lsaa,2025-11-21,72
produto:lsaa,2025-11-22,74
produto:lsaa,2025-11-23,79
produto:lsaa,2025-11-24,79
produto:lsaa,2025-11-25,82
produto:lsaa,2025-11-26,70
produto:lsaa,2025-11-27,69
produto:lsaa,2025-11-28,61
produto:lsaa,2025-11-29,70
produto:lsaa,2025-11-30,74
produto:lsaa,2025-12-01,76
produto:lsaa,2025-12-02,81
produto:lsaa,2025-12-03,75
produto:lsaa,2025-12-04,78
produto:lsaa,2025-12-05,73
produto:lsaa,2025-12-06,74
produto:lsaa,2025-12-07,74
produto:lsaa,2025-12-08,83
produto:lsaa,2025-12-09,74
produto:lsaa,2025-12-10,84
produto:lsaa,2025-12-11,75
produto:lsaa,2025-12-12,61
produto:lsaa,2025-12-13,4
produto:lsaa,2025-12-14,7
produto:lsaa,2025-12-15,10
produto:lsaa,2025-12-16,8
produto:lsaa,2025-12-17,7
produto:lsaa,2025-12-18,8
produto:lsaa,2025-12-19,7
produto:lsaa,2025-12-20,8
produto:lsaa,2025-12-21,7
produto:lsaa,2025-12-22,5
produto:lsaa,2025-12-23,14
produto:lsaa,2025-12-24,9
produto:lsaa,2025-12-25,6
produto:lsaa,2025-12-26,12
produto:lsaa,2025-12-27,8
produto:lsaa,2025-12-28,5
produto:lsaa,2025-12-29,8
produto:lsaa,2025-12-30,9
produto:lsaa,2025-12-31,10
produto:lhvp,2025-09-01,20
produto:lhvp,2025-09-02,91
produto:lhvp,2025-09-03,19
produto:lhvp,2025-09-04,57
produto:lhvp,2025-09-05,7
produto:lhvp,2025-09-06,4
produto:lhvp,2025-09-07,6
produto:lhvp,2025-09-08,18
produto:lhvp,2025-09-09,25
produto:lhvp,2025-09-10,17
produto:lhvp,2025-09-11,9
produto:lhvp,2025-09-12,17
produto:lhvp,2025-09-13,8
produto:lhvp,2025-09-14,9
produto:lhvp,2025-09-15,13
produto:lhvp,2025-09-16,6
produto:lhvp,2025-09-17,18
produto:lhvp,2025-09-18,33
produto:lhvp,2025-09-19,14
produto:lhvp,2025-09-20,8
produto:lhvp,2025-09-21,7
produto:lhvp,2025-09-22,363
produto:lhvp,2025-09-23,21
produto:lhvp,2025-09-24,16
produto:lhvp,2025-09-25,14
produto:lhvp,2025-09-26,15
produto:lhvp,2025-09-27,6
produto:lhvp,2025-09-28,8
produto:lhvp,2025-09-29,12
produto:lhvp,2025-09-30,19
produto:lhvp,2025-10-01,10
produto:lhvp,2025-10-02,29
produto:lhvp,2025-10-03,28
produto:lhvp,2025-10-04,7
produto:lhvp,2025-10-05,4
produto:lhvp,2025-10-06,8
produto:lhvp,2025-10-07,141
produto:lhvp,2025-10-08,18
produto:lhvp,2025-10-09,16
produto:lhvp,2025-10-10,27
produto:lhvp,2025-10-11,7
produto:lhvp,2025-10-12,2
produto:lhvp,2025-10-13,19
produto:lhvp,2025-10-14,44
produto:lhvp,2025-10-15,50
produto:lhvp,2025-10-16,31
produto:lhvp,2025-10-17,7
produto:lhvp,2025-10-18,11
produto:lhvp,2025-10-19,9
produto:lhvp,2025-10-20,9
produto:lhvp,2025-10-21,22
produto:lhvp,2025-10-22,29
produto:lhvp,2025-10-23,27
produto:lhvp,2025-10-24,19
produto:lhvp,2025-10-25,5
produto:lhvp,2025-10-26,11
produto:lhvp,2025-10-27,16
produto:lhvp,2025-10-28,40
produto:lhvp,2025-10-29,10
produto:lhvp,2025-10-30,15
produto:lhvp,2025-10-31,13
produto:lhvp,2025-11-01,4
produto:lhvp,2025-11-02,4
produto:lhvp,2025-11-03,18
produto:lhvp,2025-11-04,34
produto:lhvp,2025-11-05,352
produto:lhvp,2025-11-06,9
produto:lhvp,2025-11-07,9
produto:lhvp,2025-11-08,4
produto:lhvp,2025-11-09,2
produto:lhvp,2025-11-10,20
produto:lhvp,2025-11-11,24
produto:lhvp,2025-11-12,17
produto:lhvp,2025-11-13,22
produto:lhvp,2025-11-14,16
produto:lhvp,2025-11-15,8
produto:lhvp,2025-11-16,4
produto:lhvp,2025-11-17,22
produto:lhvp,2025-11-18,22
produto:lhvp,2025-11-19,10
produto:lhvp,2025-11-20,10
produto:lhvp,2025-11-21,16
produto:lhvp,2025-11-22,3
produto:lhvp,2025-11-23,5
produto:lhvp,2025-11-24,93
produto:lhvp,2025-11-25,19
produto:lhvp,2025-11-26,12
produto:lhvp,2025-11-27,16
produto:lhvp,2025-11-28,19
produto:lhvp,2025-11-29,4
produto:lhvp,2025-11-30,5
produto:lhvp,2025-12-01,70
produto:lhvp,2025-12-02,24
produto:lhvp,2025-12-03,27
produto:lhvp,2025-12-04,10
produto:lhvp,2025-12-05,9
produto:lhvp,2025-12-06,4
produto:lhvp,2025-12-07,7
produto:lhvp,2025-12-08,27
produto:lhvp,2025-12-09,27
produto:lhvp,2025-12-10,16
produto:lhvp,2025-12-11,7
produto:lhvp,2025-12-12,21
produto:lhvp,2025-12-13,6
produto:lhvp,2025-12-14,3
produto:lhvp,2025-12-15,55
produto:lhvp,2025-12-16,12
produto:lhvp,2025-12-17,11
produto:lhvp,2025-12-18,32
produto:lhvp,2025-12-19,38
produto:lhvp,2025-12-20,6
produto:lhvp,2025-12-21,5
produto:lhvp,2025-12-22,5
produto:lhvp,2025-12-23,46
produto:lhvp,2025-12-24,7
produto:lhvp,2025-12-25,3
produto:lhvp,2025-12-26,4
produto:lhvp,2025-12-27,6
produto:lhvp,2025-12-28,4
produto:lhvp,2025-12-29,9
produto:lhvp,2025-12-30,7
produto:lhvp,2025-12-31,2
prioridade:2 - Alta,2025-09-01,39
prioridade:2 - Alta,2025-09-02,296
prioridade:2 - Alta,2025-09-03,41
prioridade:2 - Alta,2025-09-04,187
prioridade:2 - Alta,2025-09-05,56
prioridade:2 - Alta,2025-09-06,42
prioridade:2 - Alta,2025-09-07,34
prioridade:2 - Alta,2025-09-08,55
prioridade:2 - Alta,2025-09-09,57
prioridade:2 - Alta,2025-09-10,79
prioridade:2 - Alta,2025-09-11,42
prioridade:2 - Alta,2025-09-12,58
prioridade:2 - Alta,2025-09-13,23
prioridade:2 - Alta,2025-09-14,21
prioridade:2 - Alta,2025-09-15,96
prioridade:2 - Alta,2025-09-16,42
prioridade:2 - Alta,2025-09-17,52
prioridade:2 - Alta,2025-09-18,66
prioridade:2 - Alta,2025-09-19,70
prioridade:2 - Alta,2025-09-20,73
prioridade:2 - Alta,2025-09-21,46
prioridade:2 - Alta,2025-09-22,85
prioridade:2 - Alta,2025-09-23,250
prioridade:2 - Alta,2025-09-24,180
prioridade:2 - Alta,2025-09-25,66
prioridade:2 - Alta,2025-09-26,30
prioridade:2 - Alta,2025-09-27,22
prioridade:2 - Alta,2025-09-28,20
prioridade:2 - Alta,2025-09-29,39
prioridade:2 - Alta,2025-09-30,62
prioridade:2 - Alta,2025-10-01,47
prioridade:2 - Alta,2025-10-02,110
prioridade:2 - Alta,2025-10-03,109
prioridade:2 - Alta,2025-10-04,37
prioridade:2 - Alta,2025-10-05,13
prioridade:2 - Alta,2025-10-06,27
prioridade:2 - Alta,2025-10-07,272
prioridade:2 - Alta,2025-10-08,67
prioridade:2 - Alta,2025-10-09,93
prioridade:2 - Alta,2025-10-10,140
prioridade:2 - Alta,2025-10-11,12
prioridade:2 - Alta,2025-10-12,18
prioridade:2 - Alta,2025-10-13,72
prioridade:2 - Alta,2025-10-14,100
prioridade:2 - Alta,2025-10-15,117
prioridade:2 - Alta,2025-10-16,386
prioridade:2 - Alta,2025-10-17,50
prioridade:2 - Alta,2025-10-18,42
prioridade:2 - Alta,2025-10-19,31
prioridade:2 - Alta,2025-10-20,73
prioridade:2 - Alta,2025-10-21,77
prioridade:2 - Alta,2025-10-22,143
prioridade:2 - Alta,2025-10-23,130
prioridade:2 - Alta,2025-10-24,209
prioridade:2 - Alta,2025-10-25,24
prioridade:2 - Alta,2025-10-26,31
prioridade:2 - Alta,2025-10-27,48
prioridade:2 - Alta,2025-10-28,68
prioridade:2 - Alta,2025-10-29,35
prioridade:2 - Alta,2025-10-30,43
prioridade:2 - Alta,2025-10-31,79
prioridade:2 - Alta,2025-11-01,58
prioridade:2 - Alta,2025-11-02,44
prioridade:2 - Alta,2025-11-03,84
prioridade:2 - Alta,2025-11-04,69
prioridade:2 - Alta,2025-11-05,684
prioridade:2 - Alta,2025-11-06,58
prioridade:2 - Alta,2025-11-07,93
prioridade:2 - Alta,2025-11-08,50
prioridade:2 - Alta,2025-11-09,35
prioridade:2 - Alta,2025-11-10,64
prioridade:2 - Alta,2025-11-11,64
prioridade:2 - Alta,2025-11-12,107
prioridade:2 - Alta,2025-11-13,67
prioridade:2 - Alta,2025-11-14,58
prioridade:2 - Alta,2025-11-15,47
prioridade:2 - Alta,2025-11-16,23
prioridade:2 - Alta,2025-11-17,138
prioridade:2 - Alta,2025-11-18,89
prioridade:2 - Alta,2025-11-19,52
prioridade:2 - Alta,2025-11-20,243
prioridade:2 - Alta,2025-11-21,246
prioridade:2 - Alta,2025-11-22,148
prioridade:2 - Alta,2025-11-23,55
prioridade:2 - Alta,2025-11-24,112
prioridade:2 - Alta,2025-11-25,48
prioridade:2 - Alta,2025-11-26,85
prioridade:2 - Alta,2025-11-27,56
prioridade:2 - Alta,2025-11-28,62
prioridade:2 - Alta,2025-11-29,39
prioridade:2 - Alta,2025-11-30,91
prioridade:2 - Alta,2025-12-01,198
prioridade:2 - Alta,2025-12-02,67
prioridade:2 - Alta,2025-12-03,70
prioridade:2 - Alta,2025-12-04,45
prioridade:2 - Alta,2025-12-05,47
prioridade:2 - Alta,2025-12-06,22
prioridade:2 - Alta,2025-12-07,54
prioridade:2 - Alta,2025-12-08,74
prioridade:2 - Alta,2025-12-09,78
prioridade:2 - Alta,2025-12-10,73
prioridade:2 - Alta,2025-12-11,46
prioridade:2 - Alta,2025-12-12,45
prioridade:2 - Alta,2025-12-13,72
prioridade:2 - Alta,2025-12-14,54
prioridade:2 - Alta,2025-12-15,175
prioridade:2 - Alta,2025-12-16,54
prioridade:2 - Alta,2025-12-17,46
prioridade:2 - Alta,2025-12-18,101
prioridade:2 - Alta,2025-12-19,34
prioridade:2 - Alta,2025-12-20,64
prioridade:2 - Alta,2025-12-21,32
prioridade:2 - Alta,2025-12-22,181
prioridade:2 - Alta,2025-12-23,83
prioridade:2 - Alta,2025-12-24,35
prioridade:2 - Alta,2025-12-25,20
prioridade:2 - Alta,2025-12-26,34
prioridade:2 - Alta,2025-12-27,53
prioridade:2 - Alta,2025-12-28,46
prioridade:2 - Alta,2025-12-29,57
prioridade:2 - Alta,2025-12-30,29
prioridade:2 - Alta,2025-12-31,15
prioridade:3 - Média,2025-09-01,125
prioridade:3 - Média,2025-09-02,171
prioridade:3 - Média,2025-09-03,114
prioridade:3 - Média,2025-09-04,151
prioridade:3 - Média,2025-09-05,149
prioridade:3 - Média,2025-09-06,63
prioridade:3 - Média,2025-09-07,62
prioridade:3 - Média,2025-09-08,167
prioridade:3 - Média,2025-09-09,154
prioridade:3 - Média,2025-09-10,276
prioridade:3 - Média,2025-09-11,174
prioridade:3 - Média,2025-09-12,259
prioridade:3 - Média,2025-09-13,110
prioridade:3 - Média,2025-09-14,72
prioridade:3 - Média,2025-09-15,198
prioridade:3 - Média,2025-09-16,174
prioridade:3 - Média,2025-09-17,187
prioridade:3 - Média,2025-09-18,165
prioridade:3 - Média,2025-09-19,164
prioridade:3 - Média,2025-09-20,168
prioridade:3 - Média,2025-09-21,105
prioridade:3 - Média,2025-09-22,849
prioridade:3 - Média,2025-09-23,240
prioridade:3 - Média,2025-09-24,182
prioridade:3 - Média,2025-09-25,155
prioridade:3 - Média,2025-09-26,243
prioridade:3 - Média,2025-09-27,109
prioridade:3 - Média,2025-09-28,72
prioridade:3 - Média,2025-09-29,160
prioridade:3 - Média,2025-09-30,191
prioridade:3 - Média,2025-10-01,141
prioridade:3 - Média,2025-10-02,223
prioridade:3 - Média,2025-10-03,323
prioridade:3 - Média,2025-10-04,130
prioridade:3 - Média,2025-10-05,103
prioridade:3 - Média,2025-10-06,236
prioridade:3 - Média,2025-10-07,162
prioridade:3 - Média,2025-10-08,204
prioridade:3 - Média,2025-10-09,174
prioridade:3 - Média,2025-10-10,219
prioridade:3 - Média,2025-10-11,98
prioridade:3 - Média,2025-10-12,72
prioridade:3 - Média,2025-10-13,100
prioridade:3 - Média,2025-10-14,137
prioridade:3 - Média,2025-10-15,153
prioridade:3 - Média,2025-10-16,149
prioridade:3 - Média,2025-10-17,121
prioridade:3 - Média,2025-10-18,99
prioridade:3 - Média,2025-10-19,101
prioridade:3 - Média,2025-10-20,129
prioridade:3 - Média,2025-10-21,190
prioridade:3 - Média,2025-10-22,182
prioridade:3 - Média,2025-10-23,182
prioridade:3 - Média,2025-10-24,299
prioridade:3 - Média,2025-10-25,74
prioridade:3 - Média,2025-10-26,123
prioridade:3 - Média,2025-10-27,120
prioridade:3 - Média,2025-10-28,181
prioridade:3 - Média,2025-10-29,185
prioridade:3 - Média,2025-10-30,186
prioridade:3 - Média,2025-10-31,298
prioridade:3 - Média,2025-11-01,99
prioridade:3 - Média,2025-11-02,95
prioridade:3 - Média,2025-11-03,119
prioridade:3 - Média,2025-11-04,133
prioridade:3 - Média,2025-11-05,225
prioridade:3 - Média,2025-11-06,140
prioridade:3 - Média,2025-11-07,165
prioridade:3 - Média,2025-11-08,128
prioridade:3 - Média,2025-11-09,69
prioridade:3 - Média,2025-11-10,209
prioridade:3 - Média,2025-11-11,131
prioridade:3 - Média,2025-11-12,206
prioridade:3 - Média,2025-11-13,182
prioridade:3 - Média,2025-11-14,105
prioridade:3 - Média,2025-11-15,71
prioridade:3 - Média,2025-11-16,69
prioridade:3 - Média,2025-11-17,104
prioridade:3 - Média,2025-11-18,111
prioridade:3 - Média,2025-11-19,87
prioridade:3 - Média,2025-11-20,56
prioridade:3 - Média,2025-11-21,155
prioridade:3 - Média,2025-11-22,212
prioridade:3 - Média,2025-11-23,193
prioridade:3 - Média,2025-11-24,269
prioridade:3 - Média,2025-11-25,203
prioridade:3 - Média,2025-11-26,282
prioridade:3 - Média,2025-11-27,188
prioridade:3 - Média,2025-11-28,237
prioridade:3 - Média,2025-11-29,124
prioridade:3 - Média,2025-11-30,100
prioridade:3 - Média,2025-12-01,267
prioridade:3 - Média,2025-12-02,220
prioridade:3 - Média,2025-12-03,206
prioridade:3 - Média,2025-12-04,188
prioridade:3 - Média,2025-12-05,252
prioridade:3 - Média,2025-12-06,130
prioridade:3 - Média,2025-12-07,111
prioridade:3 - Média,2025-12-08,170
prioridade:3 - Média,2025-12-09,223
prioridade:3 - Média,2025-12-10,178
prioridade:3 - Média,2025-12-11,116
prioridade:3 - Média,2025-12-12,141
prioridade:3 - Média,2025-12-13,193
prioridade:3 - Média,2025-12-14,173
prioridade:3 - Média,2025-12-15,278
prioridade:3 - Média,2025-12-16,356
prioridade:3 - Média,2025-12-17,243
prioridade:3 - Média,2025-12-18,300
prioridade:3 - Média,2025-12-19,358
prioridade:3 - Média,2025-12-20,339
prioridade:3 - Média,2025-12-21,434
prioridade:3 - Média,2025-12-22,624
prioridade:3 - Média,2025-12-23,565
prioridade:3 - Média,2025-12-24,516
prioridade:3 - Média,2025-12-25,379
prioridade:3 - Média,2025-12-26,420
prioridade:3 - Média,2025-12-27,502
prioridade:3 - Média,2025-12-28,391
prioridade:3 - Média,2025-12-29,515
prioridade:3 - Média,2025-12-30,468
prioridade:3 - Média,2025-12-31,372
prioridade:4 - Baixa,2025-09-01,710
prioridade:4 - Baixa,2025-09-02,686
prioridade:4 - Baixa,2025-09-03,918
prioridade:4 - Baixa,2025-09-04,942
prioridade:4 - Baixa,2025-09-05,825
prioridade:4 - Baixa,2025-09-06,350
prioridade:4 - Baixa,2025-09-07,273
prioridade:4 - Baixa,2025-09-08,289
prioridade:4 - Baixa,2025-09-09,391
prioridade:4 - Baixa,2025-09-10,323
prioridade:4 - Baixa,2025-09-11,306
prioridade:4 - Baixa,2025-09-12,318
prioridade:4 - Baixa,2025-09-13,433
prioridade:4 - Baixa,2025-09-14,399
prioridade:4 - Baixa,2025-09-15,378
prioridade:4 - Baixa,2025-09-16,381
prioridade:4 - Baixa,2025-09-17,354
prioridade:4 - Baixa,2025-09-18,369
prioridade:4 - Baixa,2025-09-19,445
prioridade:4 - Baixa,2025-09-20,476
prioridade:4 - Baixa,2025-09-21,530
prioridade:4 - Baixa,2025-09-22,497
prioridade:4 - Baixa,2025-09-23,403
prioridade:4 - Baixa,2025-09-24,312
prioridade:4 - Baixa,2025-09-25,407
prioridade:4 - Baixa,2025-09-26,381
prioridade:4 - Baixa,2025-09-27,433
prioridade:4 - Baixa,2025-09-28,413
prioridade:4 - Baixa,2025-09-29,460
prioridade:4 - Baixa,2025-09-30,520
prioridade:4 - Baixa,2025-10-01,544
prioridade:4 - Baixa,2025-10-02,552
prioridade:4 - Baixa,2025-10-03,631
prioridade:4 - Baixa,2025-10-04,573
prioridade:4 - Baixa,2025-10-05,437
prioridade:4 - Baixa,2025-10-06,459
prioridade:4 - Baixa,2025-10-07,662
prioridade:4 - Baixa,2025-10-08,728
prioridade:4 - Baixa,2025-10-09,807
prioridade:4 - Baixa,2025-10-10,689
prioridade:4 - Baixa,2025-10-11,430
prioridade:4 - Baixa,2025-10-12,409
prioridade:4 - Baixa,2025-10-13,455
prioridade:4 - Baixa,2025-10-14,540
prioridade:4 - Baixa,2025-10-15,439
prioridade:4 - Baixa,2025-10-16,401
prioridade:4 - Baixa,2025-10-17,362
prioridade:4 - Baixa,2025-10-18,474
prioridade:4 - Baixa,2025-10-19,399
prioridade:4 - Baixa,2025-10-20,390
prioridade:4 - Baixa,2025-10-21,443
prioridade:4 - Baixa,2025-10-22,532
prioridade:4 - Baixa,2025-10-23,444
prioridade:4 - Baixa,2025-10-24,513
prioridade:4 - Baixa,2025-10-25,501
prioridade:4 - Baixa,2025-10-26,392
prioridade:4 - Baixa,2025-10-27,400
prioridade:4 - Baixa,2025-10-28,429
prioridade:4 - Baixa,2025-10-29,396
prioridade:4 - Baixa,2025-10-30,395
prioridade:4 - Baixa,2025-10-31,387
prioridade:4 - Baixa,2025-11-01,417
prioridade:4 - Baixa,2025-11-02,417
prioridade:4 - Baixa,2025-11-03,361
prioridade:4 - Baixa,2025-11-04,344
prioridade:4 - Baixa,2025-11-05,364
prioridade:4 - Baixa,2025-11-06,331
prioridade:4 - Baixa,2025-11-07,372
prioridade:4 - Baixa,2025-11-08,412
prioridade:4 - Baixa,2025-11-09,415
prioridade:4 - Baixa,2025-11-10,392
prioridade:4 - Baixa,2025-11-11,432
prioridade:4 - Baixa,2025-11-12,379
prioridade:4 - Baixa,2025-11-13,372
prioridade:4 - Baixa,2025-11-14,420
prioridade:4 - Baixa,2025-11-15,428
prioridade:4 - Baixa,2025-11-16,446
prioridade:4 - Baixa,2025-11-17,522
prioridade:4 - Baixa,2025-11-18,574
prioridade:4 - Baixa,2025-11-19,574
prioridade:4 - Baixa,2025-11-20,517
prioridade:4 - Baixa,2025-11-21,519
prioridade:4 - Baixa,2025-11-22,532
prioridade:4 - Baixa,2025-11-23,626
prioridade:4 - Baixa,2025-11-24,553
prioridade:4 - Baixa,2025-11-25,504
prioridade:4 - Baixa,2025-11-26,538
prioridade:4 - Baixa,2025-11-27,527
prioridade:4 - Baixa,2025-11-28,524
prioridade:4 - Baixa,2025-11-29,558
prioridade:4 - Baixa,2025-11-30,616
prioridade:4 - Baixa,2025-12-01,532
prioridade:4 - Baixa,2025-12-02,495
prioridade:4 - Baixa,2025-12-03,453
prioridade:4 - Baixa,2025-12-04,508
prioridade:4 - Baixa,2025-12-05,572
prioridade:4 - Baixa,2025-12-06,599
prioridade:4 - Baixa,2025-12-07,573
prioridade:4 - Baixa,2025-12-08,528
prioridade:4 - Baixa,2025-12-09,580
prioridade:4 - Baixa,2025-12-10,549
prioridade:4 - Baixa,2025-12-11,578
prioridade:4 - Baixa,2025-12-12,541
prioridade:4 - Baixa,2025-12-13,496
prioridade:4 - Baixa,2025-12-14,468
prioridade:4 - Baixa,2025-12-15,409
prioridade:4 - Baixa,2025-12-16,665
prioridade:4 - Baixa,2025-12-17,736
prioridade:4 - Baixa,2025-12-18,604
prioridade:4 - Baixa,2025-12-19,446
prioridade:4 - Baixa,2025-12-20,581
prioridade:4 - Baixa,2025-12-21,638
prioridade:4 - Baixa,2025-12-22,565
prioridade:4 - Baixa,2025-12-23,474
prioridade:4 - Baixa,2025-12-24,378
prioridade:4 - Baixa,2025-12-25,305
prioridade:4 - Baixa,2025-12-26,456
prioridade:4 - Baixa,2025-12-27,472
prioridade:4 - Baixa,2025-12-28,392
prioridade:4 - Baixa,2025-12-29,349
prioridade:4 - Baixa,2025-12-30,369
prioridade:4 - Baixa,2025-12-31,368
